"DESCRIPTION","DURATION IN MS","NAME","PARENT SUITE","START TIME","STATUS","STOP TIME","SUB SUITE","SUITE","TEST CLASS","TEST METHOD"
"","596","test_product_search","tests","2026-09-20","passed","2026-09-20","","test_product_search","",""
"
    Automated Test Case: Verify that a new user can successfully register an account.
    ","2217","test_user_registration","tests","2026-09-20","passed","2026-09-20","","test_user_registration","",""
"
    Automated Test Case: Verify that login succeeds for valid user credentials.
    ","4730","test_valid_user_login","tests","2026-09-20","passed","2026-09-20","","test_login","",""
"
    Automated Test Case: Verify that login fails for invalid user credentials.
    ","1823","test_invalid_user_login","tests","2026-09-20","passed","2026-09-20","","test_login","",""
